<?xml version="1.0" encoding="UTF-8"?>
<project-private xmlns="http://www.netbeans.org/ns/project-private/1">
    <editor-bookmarks xmlns="http://www.netbeans.org/ns/editor-bookmarks/2" lastBookmarkId="0"/>
    <open-files xmlns="http://www.netbeans.org/ns/projectui-open-files/2">
        <group>
            <file>file:/H:/Drive/KATHERINE/Yenita/USIL%20TRABAJOS/2018%20-%20CICLO%206/Taller%204/SOS%20USIL%20V3/src/Ventanas/GUIAAUXHemo.java</file>
            <file>file:/H:/Drive/KATHERINE/Yenita/USIL%20TRABAJOS/2018%20-%20CICLO%206/Taller%204/SOS%20USIL%20V3/src/Ventanas/GUIAAUXFractura.java</file>
            <file>file:/H:/Drive/KATHERINE/Yenita/USIL%20TRABAJOS/2018%20-%20CICLO%206/Taller%204/SOS%20USIL%20V3/src/Ventanas/GUIAAUX.java</file>
            <file>file:/H:/Drive/KATHERINE/Yenita/USIL%20TRABAJOS/2018%20-%20CICLO%206/Taller%204/SOS%20USIL%20V3/src/Ventanas/GUIAAUXQuemaduraas.java</file>
            <file>file:/H:/Drive/KATHERINE/Yenita/USIL%20TRABAJOS/2018%20-%20CICLO%206/Taller%204/SOS%20USIL%20V3/src/Ventanas/GUIAAUXDesmayos.java</file>
        </group>
    </open-files>
</project-private>
