<?xml version="1.0" encoding="UTF-8"?>
<project-private xmlns="http://www.netbeans.org/ns/project-private/1">
    <editor-bookmarks xmlns="http://www.netbeans.org/ns/editor-bookmarks/2" lastBookmarkId="0"/>
    <open-files xmlns="http://www.netbeans.org/ns/projectui-open-files/2">
        <group>
            <file>file:/C:/Users/alumno/Pictures/SOS%20USIL%20V2/SOS%20USIL%20V2/SOS%20USIL%20V2/src/Ventanas/GUIAFRACTURAS.java</file>
            <file>file:/C:/Users/alumno/Pictures/SOS%20USIL%20V2/SOS%20USIL%20V2/SOS%20USIL%20V2/src/Ventanas/CAMPUS2.java</file>
            <file>file:/C:/Users/alumno/Pictures/SOS%20USIL%20V2/SOS%20USIL%20V2/SOS%20USIL%20V2/src/Ventanas/GUIAAUX.java</file>
            <file>file:/C:/Users/alumno/Pictures/SOS%20USIL%20V2/SOS%20USIL%20V2/SOS%20USIL%20V2/src/Ventanas/Inicio.java</file>
            <file>file:/C:/Users/alumno/Pictures/SOS%20USIL%20V2/SOS%20USIL%20V2/SOS%20USIL%20V2/src/Ventanas/CAMPUS1.java</file>
        </group>
    </open-files>
</project-private>
